ltable_id,rtable_id
1228,3338
1249,6244
741,6751
575,2642
37,5612
665,5508
1754,4045
1474,2990
1547,3697
142,6631
1107,2575
1611,5741
966,2945
151,4317
769,6461
23,6852
193,5733
2164,5609
2326,2490
1242,5959
912,2725
192,3340
1084,5384
157,6432
57,5814
2270,5281
1607,4216
2355,4188
1517,3291
1629,3463
1014,7224
476,3967
565,5205
193,5425
588,7423
2349,5082
75,4060
1202,7018
1658,4157
143,5854
2043,4769
45,6459
1449,4715
1340,2861
1231,4600
1731,6918
1294,6603
652,4120
1607,2689
1409,6711
436,6534
1529,5864
2185,4671
720,5818
2269,3139
1790,7593
1412,3499
57,5399
1273,4387
1789,3862
302,7333
2323,5830
1139,3748
998,4280
1539,3799
2357,5394
1301,6712
1056,3322
362,3834
2158,6981
1760,4691
1443,4164
1127,6815
77,6895
1398,3584
1525,4148
2299,4761
1815,5925
869,3772
399,6797
2378,5968
1011,4784
2376,4204
809,5200
1061,2478
602,6154
1305,2897
737,4834
1245,6545
92,5829
650,5462
552,5937
1324,3550
1605,4803
1560,4749
1857,3573
1406,5170
318,6971
1009,3132
1739,6177
1709,3051
532,4924
1758,6277
2092,3698
584,5531
1834,3396
1777,5672
193,7312
942,4489
2166,6925
1824,7459
15,5359
1504,4031
2043,3268
1889,5195
350,3744
42,3146
848,3408
2036,4207
56,6256
1609,4043
1819,2441
1054,3248
538,3826
748,3506
1941,4665
118,4490
17,6365
1346,5678
847,4798
1430,3617
29,7359
2180,4218
976,5731
1797,5785
391,2540
119,4444
1085,5511
1752,3000
1432,7339
647,5782
845,3420
2116,6492
853,3015
1917,6064
1943,2457
1445,7535
1815,3891
1360,5264
2024,6951
195,7193
2253,6520
2175,3379
894,5855
2232,2467
2080,2817
17,4146
1702,5942
624,7499
984,5604
1391,4982
359,5295
1657,4756
1621,3889
2001,4358
255,2652
1226,4992
2335,7277
157,4606
2092,4765
1229,4568
369,5643
691,3147
533,5077
878,4390
2173,7181
1320,2717
900,5856
971,5736
1112,6318
1190,5017
1346,3823
1911,5459
2121,4441
2087,6622
1398,3916
281,5069
2135,2831
128,3863
41,3996
1224,4036
870,2477
648,3333
1330,5767
1248,3177
21,6067
2078,2550
1005,4177
1497,3290
1450,2885
901,6122
1279,5258
1860,4331
880,4999
2194,3651
1673,2997
2194,6498
2381,5599
857,3767
451,4524
561,2898
1332,5975
2404,3688
440,6576
2064,6969
1681,4936
1285,5915
2200,7352
2032,6468
1438,4878
21,5068
651,6391
845,4096
697,6145
2062,4881
1027,6267
1835,6695
998,5054
2238,5996
1285,5605
1880,3974
2214,3169
638,4585
909,5135
92,5138
1735,5742
1576,5091
1087,2573
181,5935
1735,7439
2188,6634
1194,6324
804,3496
2021,4467
1630,2542
629,6750
1366,5588
2,4143
2317,7506
639,6964
1400,3311
1688,3776
1564,2706
1774,6575
8,6599
2318,3144
2380,3282
1604,3964
1575,2451
1423,5292
1323,6800
593,4197
1595,7261
1522,5906
17,2808
2320,6167
920,6333
1840,3179
996,3100
321,3107
2185,2479
2398,6896
1291,3448
851,4634
513,5848
1565,4077
2239,4262
45,4003
353,7336
1470,4684
783,6628
996,7416
1783,3027
1022,3684
968,3173
612,6685
789,6715
1154,6341
1641,2427
51,4012
1221,7327
464,6387
377,5145
949,3557
1714,2824
1460,4856
1996,2780
1007,7292
1720,2886
855,3754
2238,6302
1486,3728
1997,4710
679,6133
1395,4696
1163,2851
252,5901
1127,6069
2198,2864
1805,3991
400,7005
1483,2683
121,5797
976,6900
1688,5369
833,3733
1038,3609
1859,3184
257,4575
1354,4580
2090,7372
1167,4496
1454,5757
384,7009
1807,7619
559,3746
75,6043
2015,5456
1472,7314
1211,7427
2034,5421
554,4183
1498,7611
296,3218
1708,5357
1344,7051
492,4130
17,4681
1516,2775
1344,3635
414,5866
1580,3569
1538,2510
2336,6677
704,4683
972,6434
2297,5891
1053,4531
2053,4189
380,4369
1207,4607
1684,4480
1040,3804
693,6836
1009,3692
1315,5978
1371,7241
530,5787
1549,3219
1682,6437
1223,3240
1031,3164
1486,4889
1344,2929
437,4517
9,3707
2069,4463
2207,3283
906,3918
654,6036
1182,5851
740,3525
1332,6623
2052,4860
1426,3623
1508,6536
127,5387
727,5893
1761,3509
1079,6887
769,7215
99,5221
1428,7217
1367,5268
2042,6369
1290,6612
716,5512
1885,6593
1794,3549
1527,4547
345,7428
698,6374
286,5131
1023,6505
82,2675
2176,5491
1422,7571
1303,3410
1254,6569
686,3135
1285,4519
1446,6377
1331,6589
28,4790
1298,5413
429,3721
741,6478
1085,2677
2083,3647
568,6225
1409,4840
2340,2869
1320,4300
1171,2566
1895,4460
1901,5863
1628,4042
8,5326
2209,5584
2270,2480
2368,3032
858,6026
1737,6353
16,5776
2046,3989
169,6379
1028,7620
888,3058
918,5967
2334,5928
1697,2461
160,3995
1129,7262
482,5238
1492,4961
1397,4299
1771,6201
188,5566
1604,4255
47,3270
2007,5372
1692,6101
2380,4918
962,6605
1686,6014
345,5664
1420,6528
683,3725
968,3743
727,7200
145,6380
1809,4356
1368,5750
1870,3939
246,2447
82,3835
1781,4996
1430,2485
1123,4614
92,4820
301,4405
1003,7143
1386,6246
2365,5219
479,4242
246,4109
1244,6470
1276,5518
586,4430
1078,7308
192,3047
271,2853
67,4516
418,5945
4,5334
828,4024
1400,3563
1425,5897
1528,7036
1035,7027
398,4437
241,4086
2335,4923
2135,4870
1241,3120
1812,2800
1075,5474
531,3121
2274,5447
1192,3978
1981,4987
1389,2806
1255,4494
141,7481
1162,7323
457,3057
2263,6651
880,2654
376,4704
372,2691
176,2948
1748,4787
82,6482
1635,2755
2327,6595
1604,5008
172,2935
1639,6733
385,5420
1807,2644
809,5521
104,3846
1780,7567
838,3595
667,2694
2382,5329
179,5184
1161,3012
1071,6758
2397,7402
1624,6113
1160,5871
820,5966
469,5288
2168,5904
2330,3409
327,2918
2344,6442
2150,5010
249,2760
1844,6105
1182,7569
1090,7160
1538,4538
1046,6349
1563,5485
642,4432
1167,2666
1483,5653
2259,4869
2406,3352
825,6901
1596,3043
1335,7203
484,4678
1362,7037
499,2887
1461,7097
1132,4495
996,2812
401,6307
2349,7382
1050,3881
1689,5751
1215,6027
1547,3286
1342,3152
392,7060
1589,6174
1598,7140
857,3807
1612,2869
1409,4026
711,6740
89,6137
1645,6441
2378,3701
2305,6396
125,4709
2025,3737
1999,6218
1153,5206
237,5034
1458,5458
1789,4398
52,6315
1254,4832
1688,5240
1789,4074
1428,6870
740,3209
112,6992
1181,6556
37,5977
1216,3849
689,3857
1802,5798
173,3415
1808,4912
1946,7530
404,5738
492,6704
1330,5997
17,3994
353,6385
482,5969
1458,2761
1670,3491
1537,5049
68,7256
1328,7104
955,6926
2006,3312
2300,4446
1625,5236
1009,4642
1647,6782
1007,6648
287,6843
1290,4312
1405,5834
1431,7133
2103,5970
671,3274
1823,6339
524,2628
2105,6266
1330,3997
1424,5133
479,4700
637,4811
2127,4802
937,5464
726,5153
2072,4958
1583,2454
685,6550
2260,6999
817,6903
1944,4596
348,3353
1638,5734
664,5072
1666,5933
709,5171
1043,4521
1581,5003
1343,4793
1669,6596
1511,2871
1863,5819
215,6725
632,4127
748,4548
1705,3855
1396,4660
423,7447
1865,4533
1592,4486
2299,6697
2132,6056
2277,6617
1307,5623
1905,7364
604,6548
2146,5921
1995,3124
1960,4578
1005,3386
760,6851
974,7290
945,3821
703,3820
292,5450
424,7219
418,3851
1316,6319
1649,4221
252,7234
982,2412
829,3771
1021,6640
781,4512
638,4256
557,7533
1035,7106
110,4416
1981,5692
1224,7350
591,2970
1617,3208
89,7111
1107,5794
1265,3476
1275,4023
1146,4514
178,5362
1393,3562
377,5309
861,5979
971,4482
538,2650
748,3235
775,5859
1834,2468
556,6957
93,4332
0,3216
914,4708
1180,2866
1575,7187
2300,5298
558,5667
1310,5957
653,2969
49,6572
1537,6700
1463,4336
1066,3412
1197,3378
938,5748
359,5735
1245,5993
1951,3667
1205,6680
1350,7278
2147,7248
614,3716
1543,5947
675,4846
1223,6305
817,7599
1654,7516
1275,6294
362,3133
156,7310
2378,2559
2265,7613
2290,6614
427,6236
84,7151
1789,7407
1790,3946
754,6257
655,4410
1004,7000
28,6279
1018,2882
1407,5318
1020,6948
401,6017
897,5365
1322,4016
1809,4750
2002,7264
1654,4135
28,7326
1341,5554
472,3230
1637,5412
682,6469
2025,6415
1455,6579
1803,6102
2207,4729
885,4051
1143,5654
589,3894
1856,6345
1850,5035
1890,5590
1217,7020
1409,3975
479,5772
575,3497
1333,3336
1182,5105
2014,3865
1925,6477
1320,3795
1468,4597
1872,3487
646,3498
1828,4285
1972,7396
2353,3457
1600,5109
87,6633
939,6990
345,4009
651,6088
525,5850
2191,5617
2125,6766
741,2751
2282,6747
2177,3615
1025,3069
747,2436
1557,2508
1192,3028
2106,6219
1302,3790
1430,2828
1306,5188
1590,5333
813,2664
395,5563
998,4414
1009,4438
2050,4475
268,3706
1994,3630
1653,6824
634,7615
1209,4960
151,2756
1329,5005
976,7188
738,4747
369,4759
2240,2553
845,2959
93,4313
1347,6286
1736,2482
525,6104
1962,6292
970,4304
224,5909
2105,6041
1287,7265
1162,6464
765,6165
95,2878
1375,4940
2381,2958
709,4977
1116,6517
1573,3426
410,5633
293,7409
1688,3329
185,7392
1112,5241
681,3844
1400,4316
311,4641
688,4079
2388,6123
1858,6993
709,5929
510,4733
1747,4542
1230,2555
462,5655
895,7179
596,3403
882,3381
379,5009
548,3691
23,6632
1383,7304
1248,3462
742,3162
1707,6615
1569,4047
2116,3244
382,6235
137,4776
553,5574
1878,4972
545,5795
1438,4609
1563,4662
86,4589
1758,5344
600,6897
1612,6799
1846,6784
1792,6183
654,7078
2178,3073
428,2830
969,7357
966,6453
287,3451
598,5536
311,6768
1392,4755
479,7461
1893,4200
1072,2415
1553,6178
2316,2837
1669,6615
403,7435
2164,5585
1818,7014
1444,6823
2000,5223
1244,3773
675,4264
2047,6832
1456,6523
767,2825
549,6660
2393,2506
727,2682
1279,7048
1124,4497
919,6091
709,3467
221,2962
488,6346
144,3679
1428,5477
1533,5825
2231,3977
804,7426
1231,5078
1720,2612
2007,4704
1003,6962
528,7543
984,5725
989,4325
1007,4319
2204,4501
1807,3927
2153,4278
1244,3325
1457,5828
790,4140
442,6272
2011,3114
1611,4406
820,5442
732,4141
880,6271
1565,3552
707,4906
1263,4193
2140,5718
1810,3784
1830,4503
1028,2574
1642,3004
746,5711
950,4355
1979,6670
1320,3987
965,3038
1452,6112
597,6624
1531,4110
1601,6227
1282,4039
2205,5242
701,4570
675,3705
1069,4121
1179,4089
1475,4190
2185,4296
579,4978
1503,4518
2118,5916
976,5781
721,4457
905,5763
421,4345
18,3567
53,5684
961,3968
1302,4591
1871,2953
1065,6497
1503,4903
1058,5400
626,6460
16,4739
1608,5999
2092,4371
792,4025
1411,4474
1467,4035
1814,4393
927,6690
1483,5614
2058,4675
784,4833
2248,2516
1276,5185
1152,4847
1450,2602
679,2599
1225,5976
2184,2771
1079,6052
1477,2509
1681,6531
750,3703
1959,3782
1560,5360
355,6062
1635,7231
1493,4008
1452,4145
1600,5973
1033,3649
1355,4057
1691,3954
21,5147
985,4102
1230,4579
2115,3998
455,3035
1378,3246
1338,7374
1835,7001
0,7267
1956,7560
2022,6856
151,4854
1647,6669
675,5266
442,5263
2168,2920
579,5902
1167,6224
606,2983
1905,2880
1754,3781
830,6486
2236,6907
1717,2849
1704,4781
1232,2730
2187,6686
1796,5042
1392,5737
706,7604
2168,6150
852,4757
2279,7073
1028,7342
1044,3847
1575,4394
1688,5040
1933,5712
2398,2835
2275,6526
1731,6314
217,2685
1754,5113
1934,2703
1594,7159
276,6947
324,6259
744,5998
2336,6876
1704,7090
1174,5158
1521,2588
2295,7180
1157,2966
2385,6875
1662,5465
559,3628
1184,3186
2249,4909
2298,3591
949,3228
1207,4308
1485,2855
2233,7227
1095,3513
2380,5728
1754,3681
2355,5919
545,6169
2274,7149
2331,7112
1720,4701
2096,4777
2168,5498
2037,6494
1678,4409
728,5432
932,3123
2086,4220
2324,3199
1818,6237
469,3819
2119,2684
2056,6848
1525,3774
2254,5463
2182,6360
651,2524
324,3673
2135,4613
883,7023
358,6084
1379,5546
1218,3103
1271,7398
2348,4239
1179,4159
1346,7142
1821,3714
1190,2627
2316,4948
1305,5086
11,4676
483,7541
238,3317
1655,7608
1991,3700
1572,3036
1589,6336
1098,2934
1529,6792
1019,5527
193,7360
1558,5707
2118,5244
32,2465
1156,4541
856,5639
2111,7625
979,6344
1018,6745
1680,4118
2163,3644
1081,7306
899,3223
688,7340
2223,5680
520,4983
1302,4554
1961,5340
1054,3079
245,6749
1363,6662
1555,5996
2397,2432
505,5019
1389,2442
1400,2936
2317,5215
1135,2729
204,6376
2157,7529
2176,6024
1866,3531
860,6602
2108,5745
996,2629
1743,6646
2301,7381
1138,7610
120,7213
1786,5218
1790,4254
1290,7531
218,2791
1769,7280
2329,4429
835,5000
727,4283
500,3485
69,6131
64,6226
2059,3947
331,5890
1730,6496
1910,6063
2221,3625
1503,5374
203,2708
2279,5290
2013,4695
2320,5800
877,4919
305,5197
1682,6686
958,6991
1353,5766
2130,7420
2335,6652
1758,7463
497,6707
997,4647
1177,2932
1285,4994
302,6303
1527,3345
161,3848
2017,5323
296,5297
542,3180
945,5161
736,4090
318,3753
1399,5431
429,4273
2194,3634
1180,7475
394,5073
871,2658
64,6752
558,7235
255,3495
2222,6448
1122,5808
894,6732
1720,3203
1254,7003
2290,5801
2078,3243
913,3921
756,3202
900,7220
2194,3206
1844,5414
217,4746
2146,4564
2028,6741
962,6400
856,4152
1823,2796
697,2883
1364,3105
1097,3391
1258,2798
2024,5716
741,5522
1425,2560
596,6804
298,6719
1774,2976
812,5070
1488,5816
17,4097
46,5429
966,6562
914,3458
82,6146
112,3140
1669,5951
1387,4451
2196,5632
1462,6304
2274,7341
6,5752
1949,3768
2271,2655
842,3972
1887,5638
519,4186
1290,5146
102,4935
993,3295
180,7185
1927,6269
1198,7566
968,2594
1087,5026
1107,5451
2099,3729
1917,6325
2252,4124
913,4155
539,7109
358,4481
2211,7140
389,4346
1458,5950
1386,6608
1642,2473
272,4054
1656,6748
646,4537
410,7430
421,5677
1831,6065
1529,3392
1424,3614
1167,3424
1259,5703
677,6489
1511,2624
2252,7526
2406,4167
1424,4698
360,7556
330,2596
1002,7055
462,5411
434,6831
890,5331
898,3077
1659,3809
1732,4076
353,6656
1494,2841
791,4020
1772,7123
1612,2535
628,6078
122,7161
2063,5963
1522,7016
1040,6965
1793,4801
1154,4872
1252,2598
1815,2998
677,4941
1727,4892
181,2425
2144,6735
2188,6795
1652,6248
709,3431
732,7440
1498,5515
1717,6996
1327,3976
2326,4002
463,3662
833,6853
532,6974
398,4103
968,4093
2328,3637
1515,6923
2018,5555
70,6954
294,2870
1287,5062
496,5535
1721,4650
2159,6790
1243,7101
2159,6985
1580,3922
452,7524
906,4448
1789,3693
1046,3514
996,4928
635,3275
332,2964
136,7468
1540,4735
331,5944
703,4380
1701,4006
892,6847
2286,3570
1070,3475
1291,5389
1159,3677
662,4689
1918,7464
966,2991
741,2903
1192,6233
876,2505
2343,7030
738,3389
1669,7152
1625,3330
2380,4799
1305,3342
513,5446
1154,7050
2035,3579
495,5552
1936,6561
2063,6252
1217,6676
575,2802
1252,5709
479,3297
67,7486
1337,2927
1828,4473
359,4626
260,4763
1534,4044
1244,6945
1180,7307
2160,6232
1662,2797
1790,7425
805,2657
995,5115
1416,4884
1428,4726
1065,7373
2012,6582
1324,2537
1286,3454
772,4377
1332,5865
518,3984
2030,4253
1545,4368
1617,4808
1573,5955
1977,6181
1274,5247
1260,7368
527,7294
878,6493
1810,4241
334,5100
200,6291
143,5043
509,7345
1125,4080
1128,7538
1580,5364
1555,5313
521,2456
2280,7553
999,2676
1428,5534
2065,2901
2081,5792
1537,6833
2214,6960
1000,5994
1050,5107
946,4767
1247,4302
1076,7170
1364,4168
1419,5575
34,3788
2094,4505
1608,5137
902,3515
922,7239
1707,7152
396,5163
1275,3554
1717,5160
1728,3320
2390,3824
1758,3376
1422,6845
902,2421
479,3089
1452,6191
17,7026
2326,4588
747,3390
569,5020
85,2491
2340,6811
953,3364
746,7623
1554,5080
950,4061
1609,3134
2292,2536
496,5466
1678,5106
2369,4685
2170,6048
1082,7168
387,2881
1600,2720
538,4990
444,5596
1144,5840
676,3718
1691,4546
893,6597
1670,3204
1807,5641
1537,7173
2381,7286
1680,4484
1124,5079
618,7012
511,6241
207,6072
838,4021
759,7397
1015,4068
2044,4866
2367,3351
1612,4229
2235,3850
1704,5759
1565,4534
514,5074
1334,5280
1790,5119
1561,5075
672,5261
1380,2735
1884,3816
1221,3375
1979,2595
2312,2556
1351,7363
1365,3883
834,6148
1067,6455
755,4504
1535,2669
412,4921
1094,7564
365,6734
755,6754
1085,3913
1565,3903
1305,3227
410,3054
410,2697
2401,6938
769,3640
105,3508
309,7025
1033,2947
901,4673
1181,5889
2124,6920
702,7518
2340,7148
1028,3588
1261,4366
460,5995
1078,4305
456,5635
2331,7271
1411,5191
817,5910
1192,6560
1771,7182
17,6300
1923,3029
1046,5143
1254,7257
1181,6051
310,3323
1224,5486
57,5367
1139,4258
402,7331
303,4156
1880,4481
1029,3676
1757,6251
808,4106
985,3158
1765,2585
1565,4276
2135,4659
1275,6802
1276,6172
1900,3538
1828,3960
1474,5559
1973,4379
182,3293
1358,6629
250,5392
2218,6202
1720,3571
1046,4962
2095,4713
158,6547
1256,6979
254,5175
331,4468
2398,6351
2123,2892
1167,7367
1272,2895
1683,3358
1481,6309
1631,5022
2401,2914
2257,4154
1364,2690
348,2439
1711,6393
1290,6276
1540,6359
29,2719
1640,6928
1812,2475
2399,6417
1247,5164
1082,6487
311,4236
1001,3483
1148,2696
1939,4205
1833,6343
1428,6946
1186,3942
2195,4853
723,5565
1390,2872
2303,5257
525,5473
750,3255
274,5567
1453,5695
450,5881
52,4062
51,2693
1273,5501
1012,5401
1452,5659
2230,6653
2304,4770
843,2994
2368,6801
2101,2452
1975,6426
2050,5339
2302,6220
428,2579
1467,3792
1971,2608
173,2699
741,5914
1324,4078
825,7164
1680,4455
45,6079
1897,5230
1987,5867
1789,5301
753,4558
418,4170
1282,4439
795,5348
1992,6093
1119,4327
1566,6049
1369,4112
1276,5275
8,6373
1823,2460
1447,3545
2299,3394
1383,2989
1557,4577
1248,4754
833,3717
1199,4823
1343,5500
446,4957
1155,4937
718,7263
339,6173
253,7017
291,4979
1704,2779
1812,6994
1868,4963
510,4971
16,5804
838,4139
7,3760
1577,7483
92,5440
1088,6265
1252,4898
1541,3288
2290,3971
228,5036
1049,3367
1564,4731
437,3170
1694,3019
59,6850
933,2700
1532,2530
726,6077
1028,7418
180,6263
2040,6910
1129,7346
1653,5363
331,3154
2186,2795
1305,3355
1679,3797
1302,4169
945,3638
1347,5308
1120,7386
1041,6332
1528,6443
1757,4874
2339,5987
283,3655
1480,6392
850,7337
1952,3583
1478,5064
2151,6944
868,5827
1540,5124
443,5087
2238,5313
405,7484
2074,7384
1511,7300
1005,6362
1707,6596
1669,6912
250,5251
1213,6157
196,4917
2370,5224
413,7216
1454,7117
785,4964
1241,3349
2220,5345
1477,6283
1055,3289
999,3052
1612,7329
82,3136
1826,7015
1326,3766
1466,2860
1934,6139
967,7362
2264,6422
1138,3747
258,5807
999,3446
155,5517
2128,4452
1,7580
2054,3568
1189,4598
1703,4796
1801,5489
746,5932
616,2576
1057,4831
1877,2845
1362,4334
968,4658
1637,3409
2272,4549
891,6323
228,3094
82,4603
1734,5037
230,4421
1200,4598
1024,3116
1320,3222
1236,2492
1345,2587
675,6198
1894,5783
1953,3982
184,3598
698,5766
1353,5956
400,6778
183,7387
113,5057
1682,3941
371,4629
834,5847
16,7119
2071,5097
1276,3837
1065,4770
1053,6327
2262,5464
996,2487
426,3530
377,6789
1588,5702
844,6937
1275,7576
695,5952
1624,5726
999,4424
640,5869
1233,6450
969,6818
2243,6854
976,6500
1389,7411
145,6917
1305,2567
916,3242
378,7609
406,2979
495,3682
1569,2778
1399,5756
1251,6703
932,3432
813,2942
1400,2561
1688,5198
2396,3898
1167,7092
515,3148
1218,4555
26,4333
1013,4611
2089,5468
1166,4506
1224,4057
1209,3872
531,6860
2178,5886
1585,5832
1536,2711
153,2534
2316,5029
1181,6042
195,6581
1016,7553
999,3796
2179,7380
726,5130
1623,6983
1125,3505
2209,6301
860,6714
659,6097
2082,6195
597,3253
523,7577
1772,6834
2032,6933
909,5749
335,2605
511,3075
1391,4566
2189,2547
2363,4644
1407,3503
1815,3221
2084,6899
1071,6591
78,7441
306,6047
1436,4620
857,3363
2146,2543
2000,5441
1253,5422
1557,7236
1523,6245
218,3095
1196,6904
472,3022
845,6342
1675,6916
423,6188
1088,2446
111,5415
1762,3822
144,7389
1653,6509
1108,5149
852,7247
2033,5705
1335,7394
2396,4736
1561,3980
419,4965
1303,2750
2311,2637
2001,3783
954,4805
1995,3196
1509,3439
1551,6939
86,6293
297,2702
2019,4228
659,3278
1415,5701
2162,5307
2192,6273
2081,7500
1718,4056
1378,6739
365,6525
1310,3181
1973,4789
2032,6943
1131,3619
1503,5573
333,6050
118,3710
2265,6668
1043,4622
2092,3304
635,4270
566,4015
2073,7144
1267,3171
1062,5764
725,6418
2083,6630
1726,5611
1421,3755
1576,3979
1912,6483
1314,7206
1827,3059
1168,2656
1045,6819
2245,3149
1290,6736
2219,6618
1828,3478
1285,2496
562,2511
1540,4117
2063,5212
1228,2766
1333,5597
1996,7043
342,7330
417,3726
1748,3709
1152,6867
1167,3861
641,7205
1059,3833
1814,3928
150,5014
1584,4551
1603,7232
1477,7452
1005,5434
1629,2435
256,6639
2159,5321
1213,5844
1800,3033
645,6537
482,6306
1372,7068
966,6692
2215,3290
938,6411
255,6604
1920,5773
848,4297
1477,5354
70,6610
389,4567
85,6574
872,3078
810,4348
863,7305
1051,4427
832,3326
1281,5393
1080,3534
318,2933
2025,6687
1016,3287
2291,7618
1609,6717
1583,3404
1353,6921
2302,6262
1400,7198
131,6046
2241,5156
1110,3969
85,6189
397,6794
1082,6187
508,4523
202,6809
2293,7098
450,5196
632,2502
1186,4275
1301,7618
2118,5396
2383,4354
1715,6642
1657,7066
658,3444
1204,5815
1299,2577
191,6927
1924,6753
415,4595
203,4091
1339,6389
774,5167
1477,6408
1063,5790
1880,5089
1087,3477
1035,6250
485,5390
405,7399
1214,7401
1127,2519
1052,3587
2311,4997
1028,3636
814,5679
467,3962
772,7491
922,2980
1477,5337
945,3210
1326,5063
111,4800
878,5370
1397,4922
751,7266
132,5717
175,3864
1109,3656
1807,3362
731,5380
1817,6368
1719,6827
888,6200
1910,5121
118,4072
381,3957
239,5039
668,2583
134,7378
969,6495
1758,3738
926,3142
741,2701
1715,3402
920,5644
502,6796
859,6479
76,2638
1427,6086
2245,6427
187,6131
1550,3211
140,3422
2146,6894
1064,4617
1823,6413
1197,6724
145,7344
890,2884
903,5651
1398,4240
1445,2538
2057,5646
518,4321
1467,3366
1546,2951
2173,2416
966,6009
2328,7457
1606,5803
2002,3056
2373,5506
2078,2972
1187,6454
2399,3153
2200,4411
332,3303
2165,7412
44,7358
1544,4500
659,6406
2169,4217
482,4248
596,4742
573,2911
313,4041
2086,3258
2402,4744
1290,5983
536,4592
94,5397
1948,5730
1192,2698
788,6176
483,5622
2100,2811
552,5953
48,6075
1630,4282
981,4279
2062,2839
1751,5720
1290,3565
1390,3251
1314,3406
2387,5661
1948,5378
2187,3237
1619,7238
363,4714
1789,7074
1773,7252
996,7019
61,3039
2234,4187
351,5470
1275,6281
1376,6287
1733,7532
496,7570
17,4535
837,2715
220,4470
563,4235
1807,7349
2094,4365
1797,5817
1103,5905
1290,4771
773,2922
854,2649
2084,2591
325,3708
490,5332
746,5665
51,3527
935,4890
1717,6231
1713,7617
2007,7609
1346,6085
833,7579
958,4479
798,5553
1516,6098
1060,2774
145,2499
75,6350
1731,6783
1599,5409
495,5960
1063,6744
2291,6712
1804,4839
1862,3923
1390,6401
2306,3226
447,2721
1511,3948
579,4981
1520,5636
2345,3468
1364,6180
129,5582
2110,5169
501,6582
1198,6803
1041,6061
1381,5287
260,3810
1210,3269
1522,4986
1178,6485
877,3060
2407,7079
2186,3194
2198,3494
206,7568
1790,6038
1931,4602
1197,6329
652,3611
1179,4469
1087,3106
1189,3713
201,6585
1996,6716
600,7303
1673,6481
931,6185
516,2489
2398,6082
1493,4795
1707,6980
526,5691
1357,2582
290,3801
1433,4268
60,3739
1783,7296
1686,5204
976,3966
932,2409
2339,5050
277,7249
280,6723
1195,4601
1250,3645
354,2820
1757,4466
1840,3522
2141,5352
96,3732
234,3542
2288,7250
1400,4174
2208,4067
288,3886
1604,3887
1182,7318
1757,4208
1018,2522
323,5303
19,5616
30,6908
218,2470
1411,5273
1135,2429
638,6806
1630,2858
1374,6661
513,6108
817,7388
337,3030
416,3896
916,5377
365,7137
1050,6490
102,4309
2201,4291
2222,2707
1030,3931
1312,6039
1078,5324
1573,6089
138,4274
684,6857
2037,7136
1364,4324
1328,7507
2148,3621
79,4364
815,4640
1741,5444
661,3049
1546,6643
1414,6647
2375,5128
1271,6348
575,5239
1993,4483
1815,7084
2167,3099
1491,4772
1220,6394
881,6955
412,4353
315,4293
1259,3324
691,2944
1098,2630
2403,3097
335,7371
1152,5984
2154,2580
377,6054
495,4858
1954,7504
1593,3657
1113,2788
1086,6249
1035,6057
2364,2648
681,2515
701,4058
964,6484
1790,6431
1709,5439
1438,5835
370,4880
1084,5706
1403,7004
831,3275
1688,2868
1695,2777
1140,4386
1289,2589
1747,5762
168,6003
1073,5428
1412,2600
1674,7488
188,2846
191,5099
174,3070
873,6637
691,2620
1151,4147
983,3794
976,7446
218,5214
1633,5472
2004,7268
1790,2557
86,3182
101,7598
1631,4648
2245,6684
414,5676
1121,3081
825,4608
263,2613
39,7575
1125,3860
2378,6412
2406,4401
1376,4375
656,4996
1105,4306
1772,6518
675,4515
1320,3045
420,3150
1016,6116
82,4073
1757,4876
1457,6959
986,5316
181,7527
1937,3205
692,3859
500,3241
1353,6297
987,3878
688,4775
1260,5504
880,5843
1107,6672
2325,3988
1388,6730
2108,7056
732,4502
82,3034
2366,6034
389,2862
1413,7588
1472,7131
1360,5319
1978,7601
597,6893
1358,7502
1204,3599
1317,4560
691,2982
1520,5341
2006,3601
1080,4069
1014,3669
780,3600
504,5272
582,2716
1645,6914
328,5631
889,3981
1038,6554
760,3380
82,4630
1037,5938
1459,4192
950,3281
2118,3683
1852,2792
1737,5235
242,3492
433,7365
1019,6511
971,5355
2335,6878
1717,6760
82,3104
2124,3663
1376,7115
904,6506
803,3361
1410,3080
2118,4740
49,6472
1385,3845
907,4610
2138,7194
458,5311
1185,2786
1851,7477
1706,7210
1287,3025
893,4150
2247,2956
709,5964
204,6025
151,4294
845,2532
414,5335
831,3740
768,6807
61,3388
1577,6777
636,5038
1139,3696
785,6083
2039,6138
607,3397
314,5578
1665,6729
1081,6705
657,3798
1169,5395
2358,3905
27,7503
1006,6040
2186,7482
1039,3970
2366,3841
170,6240
173,3174
2197,5051
1466,5248
2062,4751
1394,5801
987,4849
1701,3575
1640,2996
305,7313
1292,3372
143,5449
712,4372
992,7275
1349,6508
130,7289
711,7011
1054,3950
1106,3428
1828,5739
2077,3490
533,6584
2284,4017
524,6882
1735,5183
1963,6986
1111,3168
1008,6270
2384,3053
1009,3778
495,4471
1243,2450
2326,7008
1091,6129
2406,4587
429,3284
1188,3642
1566,5209
2120,3201
274,5940
1788,7127
2198,3234
478,3165
1538,5526
919,6399
1957,7319
1102,5478
1314,3689
404,6021
1167,3985
1688,4540
1595,2686
292,5884
1028,5693
495,3335
1829,4498
2036,3085
1789,4550
793,5186
411,5601
369,3272
66,6588
904,4947
2355,2494
2277,3175
537,4946
605,4942
40,5887
1095,3087
376,5084
712,3529
279,3993
1018,6356
1340,7141
86,4203
1456,5765
417,7096
159,6131
714,4885
2370,6100
2091,2554
430,4199
930,6330
319,4593
1459,4914
258,6522
721,4901
923,5210
163,3523
42,6837
1308,7497
394,6772
2340,7329
534,4520
1607,3456
2184,2462
1040,5157
1676,6718
1746,3231
831,3533
665,4511
320,7355
1481,4360
2234,4594
1823,6535
2300,3296
1672,4643
739,6551
2012,3908
1565,5719
1536,4688
59,4081
970,5250
776,4863
324,6171
573,3308
1197,4590
2105,3920
1390,3779
655,5488
811,2819
1107,7274
557,2614
748,2985
1800,3466
2000,6296
1158,5548
628,3438
669,4571
204,5769
1101,3280
1322,6316
126,4113
1108,7544
936,5688
684,2804
951,6298
374,5492
1950,3450
1982,5793
278,3827
1037,4243
1290,4939
934,4953
1012,3008
384,6619
1061,3191
883,4370
1670,2965
1159,2816
1082,6828
210,4338
1172,5789
1565,4046
1250,7301
1647,6865
1324,3306
2100,3423
1549,7555
1691,6151
64,5278
2340,4229
1682,4815
435,7209
1203,3564
1525,3316
590,5879
125,4397
1797,4582
2326,4929
1908,2448
1267,6262
1954,6864
848,2430
1487,3752
738,7403
1353,7279
1486,2546
1040,6140
24,7269
1078,6737
1612,6811
733,7424
943,4161
82,2486
788,4066
2367,3013
2250,6940
218,3350
738,5539
1503,5314
2380,4343
1189,2414
383,7237
2106,2444
460,4064
1589,7455
1181,7562
2125,4478
1285,5090
1793,5349
2277,4391
689,4545
2160,6089
1320,6557
1544,3840
1220,5148
1359,3559
2174,6989
2332,3671
1242,6372
1720,4565
616,7548
432,7089
437,3603
1871,4477
574,6976
2206,4572
517,4794
1613,2744
445,4265
1549,4462
208,3115
746,5560
818,2913
336,5608
2193,5648
1750,2731
1215,5493
1165,7114
1285,5154
1707,6912
381,7057
709,3561
2374,4038
1356,3447
1290,6984
2219,5011
1452,4367
741,7091
579,5658
197,2471
2380,7126
2398,6141
996,6504
74,4198
1061,6697
1038,5822
2212,6533
486,5286
1136,6162
2332,5806
522,2545
1487,6877
2188,4706
1009,2438
1666,2483
519,3271
1528,6234
909,5076
2200,7251
765,2641
1657,6757
1194,5350
1254,5744
80,2988
1203,6130
220,4827
2341,3138
10,6209
990,3888
2256,6076
811,7624
269,5533
1656,6144
326,5700
2407,2503
418,7498
302,5305
2117,7419
1990,4450
861,5013
1297,7297
2239,7370
1018,7273
1636,6080
2009,2413
1790,4667
1565,6830
715,7158
2224,7522
1607,3555
1875,6881
1285,5780
635,3808
2340,3895
2345,4680
1573,2865
726,7523
1179,4007
932,2739
2071,4271
1046,5418
967,7094
1396,4330
688,3654
875,3610
3,2803
1435,2857
1954,5336
2335,3593
2113,4926
755,5724
2327,4488
1723,5260
2182,4464
1346,5592
2296,6791
454,5583
164,4583
440,7244
486,3048
1830,5857
1275,4284
1876,2968
565,4806
1278,5595
861,6953
487,5253
801,3163
2256,3929
1050,6555
1762,6246
345,5140
1157,6121
2276,7129
43,3435
886,5598
2048,6586
82,3040
1674,6975
1100,2680
479,6439
1715,4033
1081,2651
96,3932
404,4266
709,4973
2137,7540
1201,7584
2096,5705
808,5024
1257,3869
1249,6012
2100,2663
1774,2659
1075,6055
1533,2900
405,3119
1477,6503
792,4493
908,5120
861,6255
179,2805
1283,2943
1276,6258
2370,4485
1647,7002
1854,3912
2366,4133
1451,5168
1890,5524
1480,7021
6,7186
1311,3418
810,3759
1670,6793
643,6135
10,7324
1903,2521
91,5833
2156,7589
1191,2763
877,7385
346,6402
641,7479
1617,4376
1060,2417
1005,4201
1197,4082
929,5231
36,2619
474,5514
221,2718
2398,4522
401,5926
2309,5252
1564,2726
1612,5852
218,7586
2340,6799
2277,4724
2088,3256
925,6840
2187,4815
594,4809
1559,6019
9,4559
1416,5053
1842,4323
165,3953
1290,6261
1690,2497
1574,4249
293,2674
902,4269
100,7322
541,3310
64,5460
1904,7259
2372,5178
2092,6825
1299,7311
231,3919
560,6128
691,5877
1926,5758
768,6480
668,2902
14,5048
1090,4556
2171,3430
1202,3259
1277,5067
1868,5499
623,5181
331,6826
672,5568
2181,7602
1264,2463
608,5104
2162,5674
697,2665
225,2631
459,7453
1235,3464
600,6544
1473,2893
1687,7177
259,2915
2136,5479
1701,4244
861,6035
2246,7413
361,4247
1078,3572
1766,3510
713,3897
1391,5618
23,6763
2392,3858
2116,6636
802,6463
1551,7135
2155,3332
980,6020
1818,5844
298,6580
1244,6446
166,6221
1718,3553
1849,6644
1209,5028
909,4697
2268,6213
1050,4184
927,3775
1780,2938
874,4721
323,6334
1937,6885
137,4797
1076,5437
1928,4071
2131,6693
214,2424
2093,3892
404,6331
546,7404
1593,4227
996,3666
1510,4804
633,4615
1723,4666
132,5144
2394,5669
1009,7334
2157,6759
479,5673
446,6641
58,3577
434,5093
114,6153
1556,5503
260,4350
348,3063
1570,4637
2033,4777
1407,3249
1754,7422
64,3393
1785,5165
2135,4206
1299,2937
2307,5511
580,5201
2005,4109
58,6658
1256,3723
2064,6776
1411,3724
1653,5542
2081,4778
2055,7189
90,6779
2395,2757
2188,2571
1709,5108
318,4163
1741,5177
1173,5965
1001,2748
21,5988
2307,2677
178,3009
1800,3261
143,6540
1038,7107
2091,3232
1823,6934
22,3734
738,2908
310,3812
1213,5176
124,2434
1757,5704
1256,4472
1745,5114
1575,2469
1757,5962
1797,4298
1754,4454
910,4385
2380,3176
544,3882
945,4055
912,7130
1907,3093
1632,6160
551,5016
1319,7113
1586,7081
195,7458
1619,2765
1139,3082
1304,3086
882,2875
1916,4841
495,4636
1511,2737
1656,7122
232,2592
737,6066
1646,7163
622,7552
1027,5480
2088,2562
1305,6018
1604,2512
1656,6578
363,4782
70,6320
727,7052
583,6538
45,5269
971,7490
982,2807
1787,6338
573,3604
1009,5159
391,3650
466,2704
1018,7542
1265,7557
1390,6883
2314,4509
1492,5922
1391,5687
1264,3622
141,4687
1228,3111
2130,5406
1090,2822
2345,3131
809,4954
1592,2610
1178,7208
18,5461
519,3586
142,5279
300,6698
1456,2785
2176,3339
740,5343
1238,7229
1394,6614
1409,4536
1417,3482
1717,6820
1284,6182
1507,3842
1176,3963
1117,5812
1434,6592
504,4975
1291,7456
1596,4655
877,6317
595,4544
1014,2692
727,5342
296,3937
578,5557
1275,3305
320,7221
1421,4728
1776,4581
2135,2428
1823,7558
123,3620
1400,3395
2300,3302
15,6032
1662,6414
916,4420
1888,4967
810,2667
1565,4711
1275,3789
1112,6559
1567,5839
1812,6289
1886,7351
1741,5402
1749,5606
1047,6671
948,3829
186,3160
1965,5870
1766,3890
257,4052
338,3811
589,6890
793,5052
984,6961
1803,5681
1407,6570
1368,4185
2234,7270
82,4259
2056,6682
1559,6995
666,5071
841,4396
1236,7035
851,5027
431,3449
1176,3207
1159,4004
1827,2408
659,3507
1578,2799
1023,7065
395,5694
312,5187
760,5876
2289,4897
632,4748
1317,4326
635,3533
1515,5961
273,3128
1537,6462
613,6892
212,2818
1572,3990
1853,4303
2379,5249
470,4887
1258,3425
2183,4604
1101,6005
542,7171
1454,6383
1807,3607
908,2810
114,4773
1584,4226
1453,4896
939,6008
1800,2525
1280,6667
928,2925
1366,6973
2090,7120
1260,6675
246,2924
2076,7242
615,3618
499,2653
1446,6211
689,5540
1321,7546
2029,4128
1381,4361
1110,3535
97,3788
352,4134
1102,4529
84,6403
1005,6404
91,4453
355,6253
964,5845
806,2873
2361,3815
1280,7031
1686,4955
1662,5132
1285,4985
2290,6190
1790,7298
1738,7013
787,5018
1624,5416
1466,7561
2302,3171
1682,3237
1107,6873
429,3384
624,7255
495,4165
964,5383
65,3455
1028,4888
1275,5564
1767,6364
877,7028
1524,3313
113,3354
1693,6701
1858,7545
1628,4389
1186,4569
1926,7465
2018,6515
1187,6813
1267,5941
1800,5047
737,5936
1758,4492
2196,2941
758,3853
1274,5482
397,7505
1403,4930
1500,4383
719,7614
1350,3041
1953,4576
2302,4459
2107,6598
1867,7436
671,3096
1541,7622
1028,5920
1157,3631
1807,3020
1774,2661
2349,2673
1838,7321
927,3830
264,2639
877,6207
2172,2769
1687,6223
1416,5903
2378,2784
2377,4232
1752,7191
1187,5821
1199,7415
1477,3543
1346,5213
1688,5949
64,5642
2203,2607
341,3198
1998,4108
382,3337
247,7596
999,3961
1568,6775
1691,4311
1060,3101
2004,7354
1651,6922
1647,3481
12,6447
227,4867
1041,6445
1407,2950
692,4182
407,2782
1155,5368
1035,3608
1054,2445
1905,6458
154,7539
1400,6109
1120,2946
1303,4116
966,5025
293,6524
337,4703
1056,5088
289,4419
1569,3473
1860,2753
622,2952
845,7162
1806,5802
1995,7485
921,7067
1452,5351
1217,6371
1258,3118
957,7083
1654,4510
1662,4392
2123,2618
1564,6691
947,4223
539,2848
1531,3301
310,3501
1074,7410
2003,6222
5,5621
1164,6532
1267,4459
1456,3145
900,6059
655,5627
1190,4677
1394,6817
1241,2815
1304,6894
1364,3786
1275,7010
1822,5802
1688,7085
1199,3687
82,3831
528,3951
1053,5699
740,4913
1209,7064
603,2709
698,7279
868,5155
902,3763
918,6905
952,6924
1411,3299
1038,7487
754,4525
596,7062
1873,3254
671,5934
105,2548
2341,3547
1885,6805
2056,7565
1439,4694
386,5931
1557,2832
760,6549
218,2476
2115,4743
313,4314
1847,5732
2003,5327
146,5045
1983,6738
573,7437
867,6726
1193,3915
482,3675
2398,4267
1774,3660
17,7118
1942,3712
2304,6909
408,6449
1152,7169
978,2422
1882,3315
1903,3582
1540,7174
247,6742
2228,7100
631,5225
1287,2528
452,7393
2016,5899
1789,6862
445,3161
482,5943
1635,5487
2223,6058
1072,7095
704,5300
1605,3762
2002,2687
2127,2758
364,3694
877,3802
189,4645
1314,3992
117,7332
1738,5271
1589,7207
893,7511
1304,2543
1809,3843
2098,3114
2364,3098
1355,3260
1207,4621
285,3765
1763,2488
1106,3902
778,6609
1929,4905
2192,3873
265,3806
251,5282
2360,6347
1256,4084
1063,7156
1612,3895
180,5689
531,6117
2041,5353
257,4920
506,6521
2319,5454
1725,6193
2370,7077
2346,5207
405,6665
448,6769
2273,5095
836,5015
1798,6967
2108,3023
1727,5690
2226,6321
446,4737
1782,2539
2132,7154
106,3229
1206,3695
1477,7443
1800,3090
922,2877
2124,6600
521,6816
2229,3183
326,4950
306,5217
1567,6142
723,5911
966,3436
1398,5134
1224,3260
1141,2626
896,5338
1560,5722
1772,4814
2210,2876
2354,6577
532,4245
1750,2712
1774,3245
701,7449
2370,3195
797,3493
1564,4214
64,4826
1597,2827
1156,3031
1423,3742
1256,4850
1784,3220
1237,6590
663,4281
2163,6354
1411,4144
1368,7212
1171,3627
147,6107
1457,6149
2012,3292
1664,2498
1537,2793
1467,4373
1254,4649
135,3727
1753,6087
145,7047
2196,3480
469,3489
1823,3197
1355,2518
1233,6787
1089,7082
1807,6929
1355,4036
844,3419
892,5509
148,5046
475,2484
2076,7102
2190,2917
1320,2727
322,4788
114,5853
751,4612
363,4160
27,4661
1582,3769
1870,4171
208,3469
1005,2733
1968,4237
2258,2852
1580,5152
482,7325
453,3236
893,5774
249,4893
1451,5541
1789,2514
1096,7071
1789,3528
1778,4822
23,7041
17,5192
1162,7108
1337,3401
450,5547
2146,3613
1691,4196
366,7075
1723,4625
1424,6155
1626,2759
1197,2896
2038,7338
2255,5809
2101,3370
1216,4178
688,4915
1250,6762
141,7317
2134,5624
2133,3465
1213,7014
2299,3191
1496,5190
83,3520
479,6762
1009,7145
975,6214
453,2921
900,5505
2331,6571
799,2526
440,4100
632,5786
331,3357
882,3187
262,4426
1660,4210
1326,3925
1630,6935
1092,6530
1293,3321
698,6921
1334,3044
926,3400
2045,7462
1156,6573
1350,2569
329,6013
1320,5346
1283,7040
1263,5066
1288,3486
1273,6002
1440,3141
1271,6886
761,7478
1071,6081
915,3373
1145,6295
2307,5012
942,5129
55,4263
2270,4674
650,2570
72,7347
2351,2789
2370,3817
1971,4289
1378,4063
2164,4883
1919,7225
2175,6601
274,4088
1698,3224
322,6821
1454,5619
675,4819
1246,4938
141,6863
2104,7590
1275,6607
64,6264
498,4137
1525,2695
1154,6842
1700,6688
1784,3626
2075,5256
1011,5103
437,4260
17,3956
361,6210
1556,4786
548,6902
1053,5435
1208,6781
2084,5041
2211,4991
968,3414
1113,6765
1039,5004
2386,2930
1932,2464
1021,6125
1375,4458
223,7046
1960,4663
1720,7335
1436,3958
1355,7350
1557,6204
2232,4563
1717,6405
1137,5255
2318,2520
2112,6679
243,3661
128,3479
393,5562
243,3460
657,4433
2029,5391
1632,7132
1197,3730
674,4315
209,5544
709,7454
2114,5880
1364,7573
1853,4668
1240,5494
1308,5306
2136,6340
2008,2529
901,6473
1470,7302
1026,7218
2300,2894
1969,4741
965,4181
80,2710
2244,4783
311,5081
1988,6134
1686,2419
737,3007
1377,5136
478,2889
620,5475
925,5875
1265,3856
698,6297
1621,3225
198,3585
1324,2833
1050,6322
1407,7226
1132,5430
530,5986
1032,3702
1024,3471
940,5824
1901,6421
994,5746
1560,6068
1078,6457
844,6384
1910,4487
1907,3346
740,4532
535,5657
86,6053
711,7448
2026,6132
2119,4513
1090,7044
1010,2410
284,5502
1533,3083
1699,7281
2405,4862
144,5361
2092,2993
1769,7408
479,6367
1191,7578
82,3541
479,5358
321,2679
2311,4138
2113,7513
301,4028
1151,6398
717,3157
594,3385
1537,4476
1587,3360
2287,6583
1345,7510
2396,4395
471,6474
2330,5412
1653,4083
1209,2549
1405,7395
1569,6786
1922,3474
729,6746
1671,2747
1000,5628
1138,3002
1372,7110
502,6620
219,4257
1572,4211
808,4408
1571,6170
1940,4638
2277,2622
998,5729
1899,7138
1537,3838
1552,4119
2294,4286
1582,3917
1820,4417
2023,5529
199,3110
673,2767
1669,6980
838,6158
4,3411
1585,5237
652,3745
1291,5203
2261,6383
945,5182
810,4727
1696,7493
1423,4989
2090,2586
82,4535
1664,7125
1005,5713
2372,5610
1009,5276
2060,2879
1964,5193
1575,4352
2391,6229
217,5058
2358,5398
1942,4911
1647,5862
85,7285
756,2967
769,3239
95,4807
1278,5923
2028,2423
1913,6409
654,7195
36,3185
2082,3910
1774,2909
1081,6546
1402,4092
81,4672
806,7146
1296,3877
1192,5404
1150,7165
629,3459
1466,7316
1991,3252
738,2633
2139,6889
699,4877
1318,5778
205,6681
817,6205
1547,2821
255,6838
1078,5630
1597,6709
877,4539
468,7495
1883,2615
805,5283
826,3594
1167,2440
1565,4048
648,5227
1630,5315
1167,2926
846,6313
1604,3266
1468,7606
1354,2551
1240,4250
938,6858
504,4413
2012,5262
1764,5579
2366,4745
374,5796
349,6196
337,6410
2339,4632
1041,3279
2352,6543
2066,4774
1871,4899
2032,5861
340,3247
942,5607
54,4865
1305,7550
1971,3532
727,5924
149,4222
925,5754
911,4251
413,6880
1219,2572
458,4868
1115,7356
1046,5453
1347,3285
1476,4976
996,7029
1110,3930
1074,4224
413,6553
2109,4447
1902,5234
1458,6016
1967,4378
772,4702
1488,6119
211,2411
852,5117
345,6243
783,7494
888,3427
1631,2523
1269,5495
724,4656
345,6357
358,6407
244,6987
1685,6006
1046,5666
1569,2458
2146,3086
1693,7587
241,4952
1235,7038
613,7549
2314,5662
1009,6710
2054,7574
833,2541
1812,7155
1709,3870
317,5142
307,7076
1704,2910
1604,2662
1070,3102
266,4895
1442,4290
1580,4233
918,6664
2161,4530
1989,4491
984,5347
162,5771
2356,6363
824,2597
1317,3875
1577,2743
1369,4219
548,3129
991,2912
324,5613
794,5637
1300,6879
2029,3965
1200,2643
118,3130
1270,3935
1063,4780
518,4561
1017,6358
1325,6127
1342,2984
1238,6386
777,4329
2322,4589
267,4153
617,4969
116,2814
360,2466
1147,6539
1085,4690
1644,3273
1519,3300
1758,5671
737,5513
1035,4526
1622,4400
1604,4337
288,4065
1285,6988
168,7406
675,6654
1290,5668
1271,7467
676,3518
1557,7178
1118,7042
2285,3010
709,6721
1087,4213
82,7520
928,3328
1405,6488
1947,4085
1099,4403
23,6451
1573,6941
88,3680
434,5872
1722,2961
2050,5625
299,5892
2122,5118
503,7033
595,4318
2328,4508
787,3770
1612,7148
1901,3137
2117,7032
2377,6911
142,6110
390,2617
1313,7470
1156,6471
1585,3722
1731,6228
1580,3356
2129,3544
274,5199
2047,6044
1266,6849
54,4573
1657,5407
945,3516
1408,4456
2099,4328
921,6649
762,2904
670,7157
1219,6936
1585,6950
1677,5972
2304,6497
61,3064
505,6260
321,3442
592,5561
638,4932
2216,3874
916,7024
1219,4528
87,5433
405,6977
1525,4013
1649,7253
1945,5375
96,3537
447,2905
1171,2888
934,4131
2029,6366
239,5371
1966,4966
1754,3369
1240,7063
85,6868
521,6694
611,3276
1104,5930
760,2954
449,3720
1411,5211
836,3264
411,3512
208,2772
1564,7309
1810,4738
1640,7421
2109,4821
1350,3445
2404,7204
1536,5179
1287,3238
20,5403
1404,5811
731,5660
1088,3665
1405,7492
610,4412
546,7512
2355,4908
1368,5682
1973,5065
571,7201
1502,4717
64,7172
1533,2590
744,3294
905,3347
1422,5419
902,7607
852,2923
1411,5683
441,4682
1503,6906
316,7525
545,4988
1634,5490
438,3943
1287,3589
457,6866
2104,6433
463,3155
1007,3193
2162,3828
1170,7045
1375,4699
197,2745
480,3690
2209,5576
1422,6678
722,4018
248,6785
1841,7007
964,6822
880,5151
2266,4653
12,6706
1471,4836
2380,6282
1348,6161
1378,4931
1896,6728
555,2854
1467,2987
275,4719
1914,3405
2027,3592
2039,4758
251,7377
1688,6312
373,3949
2097,4301
564,6030
1915,2823
1314,6438
2281,6218
1373,5325
121,6166
1283,7282
1275,4442
1465,4817
2265,6970
92,4011
2300,4635
1429,7240
1257,4828
541,6673
1133,5697
1400,4246
900,4810
1190,2939
934,4404
1564,6978
282,6011
892,7128
17,5226
2226,5123
38,3461
1530,4440
1724,5602
1527,6428
1797,3670
880,4764
50,3945
421,3502
564,5296
2338,3536
258,4732
71,4287
928,6727
461,5525
1441,3262
722,3658
2355,7196
188,2493
2051,5917
1475,7554
1305,7551
469,4382
1220,5001
632,3839
1305,4105
536,4322
1612,2762
38,2584
107,5060
730,6239
2378,2734
344,7069
1355,5486
1667,5328
1250,7592
246,7150
763,3955
2383,7222
4,5982
1485,2495
302,5985
1575,2768
1648,4646
1408,3893
1107,3368
1287,7519
293,6092
1686,4619
697,2977
949,2449
1353,6374
1795,7563
2199,3643
1970,5094
586,4014
2342,5702
1102,3885
1216,5992
1811,2507
1743,7605
1378,2640
388,3026
573,5102
1000,6771
21,3298
752,5125
1913,3037
1078,4499
559,5939
705,3417
2401,5284
1757,2863
2179,6115
1546,7070
171,2829
1598,4991
1197,3188
419,7184
1285,7537
2143,6952
1028,3668
1321,6564
651,3377
1183,3546
2313,3047
830,6179
869,4173
498,4238
945,2501
822,2616
2062,6563
1625,5755
1110,3735
1353,2779
2347,5085
1816,5448
1461,4857
1275,4443
2036,4712
508,6663
1717,2517
1577,6930
1100,7328
52,3212
1337,4001
362,3629
675,2738
1851,5545
2270,3785
690,2563
1042,2556
531,2776
1935,2986
1253,7376
82,5410
1347,5650
1641,2754
1490,6208
1411,3003
1811,4418
2378,6859
1461,6094
216,4509
308,2513
876,3214
2242,4040
2332,4829
2393,2850
188,4407
709,6095
1081,6966
956,3758
506,3331
1810,4107
85,7508
1346,6288
1064,5006
545,5265
1512,6284
326,4848
437,2891
226,5581
1548,3653
1116,6606
779,6814
715,5496
1156,4070
210,3233
2092,2671
973,5753
177,4059
2345,6780
617,5805
1662,5836
1758,3192
2378,4230
1426,3066
2090,4859
1409,5294
1668,3641
1025,7183
540,6812
1294,7621
1391,6808
1322,2978
2310,3434
367,3983
1107,6164
883,3616
564,7103
1810,5245
1407,6913
1418,3901
2390,4234
684,6558
473,5267
1160,6326
25,3871
675,4891
1041,5312
2225,3413
490,5259
1748,3904
1009,5873
1382,3359
1851,7272
45,6310
2352,6898
1691,5663
2321,7287
275,4388
248,5550
2055,3050
811,7233
648,4934
1650,5558
819,6274
1821,3382
1555,6302
1537,7230
1347,4341
1894,6136
1133,6118
910,4422
978,2742
751,7353
2337,7283
98,5626
72,3091
1077,3453
1892,3884
1506,4886
883,4037
1613,7582
1298,4320
1709,4599
2145,6501
385,6152
1400,7572
734,2999
236,2843
396,5549
245,7451
2278,6186
1688,5189
1608,6982
360,6932
202,5591
17,2636
2181,5698
1285,3443
2345,2593
2364,6099
135,4075
1797,4449
2010,3423
2378,2504
484,4445
1068,4094
1171,3250
1500,7058
1684,2971
1647,4191
1569,5246
2260,7153
431,5055
1254,5098
746,5139
1054,2801
1253,7053
601,3016
618,6096
33,6552
1345,2899
1046,4855
986,6254
2345,5277
1825,6023
1409,7260
64,3068
1540,5543
1688,5645
1620,3437
23,3900
2131,6419
92,3399
1322,6884
1314,7366
532,5908
1192,7099
208,4180
2013,4137
1482,3159
1721,4252
514,6015
2068,6920
47,2907
1575,5112
877,7597
1799,3126
145,6567
1758,5424
1891,5885
1790,5023
1330,7431
439,2609
318,4730
2401,6397
1112,6566
550,5232
1269,5842
2049,6029
501,3292
627,5810
409,4616
1796,4974
2321,7469
575,3307
1438,6143
1643,2773
2180,4557
521,2732
578,3062
823,5111
954,4816
415,6650
114,7134
331,4943
1038,6872
2091,4837
705,5868
2126,4875
2252,6185
398,3868
58,3018
1772,7432
1855,4212
735,2723
1742,3429
1341,6770
501,5262
1602,4132
384,2736
1712,2647
1391,5912
1005,6168
1512,5858
1565,5528
1582,3999
1465,5981
743,6163
2406,2568
1407,2634
2321,5291
2371,6440
1233,6774
2237,4650
786,6388
409,3933
1239,7466
757,4552
1214,5652
1762,7361
204,5770
1350,7581
220,3940
228,4998
1155,2836
2104,5896
1197,5471
1934,3566
890,5634
477,6335
52,5974
1635,3421
522,3190
1155,3440
2214,3374
2080,4835
1450,6514
1834,3265
512,7315
1015,3076
1199,4339
1262,4766
1048,3640
109,4225
2046,3074
1386,6416
1674,6773
547,5907
2010,2663
269,7072
1400,4543
1054,4959
221,2500
863,5708
1192,5373
1593,4722
379,4679
2008,4716
1170,5946
1053,5110
1248,3866
2039,3383
467,7176
2313,3340
1086,4351
1256,6507
1067,6004
531,6513
1420,4553
491,6798
2079,4584
1244,2770
1009,2764
1716,5061
2217,7087
454,5838
710,4654
422,4843
2013,4238
1667,6290
1213,6237
1126,5356
231,3787
380,5083
872,6621
879,3606
1542,5768
215,3348
2168,6031
133,4861
617,6616
1591,7006
810,3042
281,4349
1170,7088
1557,3387
1137,4435
467,3715
1127,6587
338,5408
479,7276
2164,5274
468,7105
1750,3777
1756,6719
1351,4970
2117,6997
0,3761
1865,2578
1085,5012
2318,2840
1364,3852
1874,6891
814,4347
1603,4126
1487,6060
1614,6527
425,3926
460,6337
1926,7228
1980,5900
1717,7086
0,6199
2332,4022
1604,6810
196,3944
2307,3913
839,4968
357,2420
1955,2668
2353,6203
704,2995
700,2859
1056,4907
1938,3672
343,2474
1285,5570
973,3556
2099,4933
849,4652
455,5520
2332,3934
2146,2856
1720,4125
1227,3973
2148,3125
844,6175
1082,5455
1189,3088
2315,3548
2233,3906
1142,4818
1040,5831
945,5381
1839,5826
375,3017
1580,2533
516,7061
240,5530
1391,4725
694,5600
1159,3127
687,6395
816,3581
1708,2752
1837,4657
2149,4166
2009,3344
108,7291
2404,7444
2352,3014
1015,3711
2057,4295
576,5675
377,4099
740,3836
877,5438
297,3574
1171,5386
21,4995
1452,2604
1132,4813
1653,4734
754,3818
1384,2635
2290,6817
2152,3952
551,4461
1265,7343
1154,4562
945,4633
271,3633
946,4723
1448,6888
350,3578
1009,6963
301,3909
732,4845
2025,4720
2188,6475
965,3343
587,7414
190,7214
1007,6429
567,4340
1263,5127
194,6452
1657,5483
848,3151
1276,6613
2083,2906
1813,5467
331,6073
1407,2455
1973,4019
1175,2794
1305,4894
1845,5837
1921,5366
91,5894
20,5743
1044,3880
577,7616
1122,6949
960,5980
1984,4944
2226,5710
501,3908
1005,4101
2032,7080
855,4363
1346,7022
1361,4053
1604,4873
1335,6465
359,3764
440,3646
990,3699
1171,6007
2067,5523
1777,6352
679,7471
971,6111
1489,5532
907,2722
745,7489
2355,2955
1818,6157
726,7293
1167,3072
1227,4261
1484,3539
1562,5150
1512,5302
2268,3540
1133,6467
1580,4812
507,5577
1156,3803
1094,6311
2058,4384
1315,5310
1832,5740
1516,6720
2355,4307
794,6103
35,7295
1759,4162
1243,7093
2340,5852
862,6242
1800,3876
218,2660
810,4627
1616,2443
924,4760
1340,6764
1537,2472
727,7434
409,3867
1647,7375
569,5030
1336,7595
1617,2838
1130,4549
749,7445
927,4357
8,6070
1398,3371
1484,4194
523,7243
1163,2826
117,7054
880,5481
1792,6074
1083,5220
1992,7199
1538,6516
230,3959
2187,6437
877,3791
1200,2414
889,4342
1346,4527
2376,7391
856,4664
1227,6216
592,5096
1470,5507
945,7049
157,7254
1775,4149
2187,3941
804,7585
2061,7547
1861,3805
2016,5293
356,3084
1537,7600
152,5723
279,6436
1848,5788
1565,7147
71,4507
866,4136
2267,3737
493,4693
1090,2418
1054,7192
591,6689
325,4209
1235,2809
1265,4344
709,5443
660,5647
1553,6424
1156,6194
1334,5254
698,5956
1357,2919
1021,3143
1595,3055
856,4753
1823,4879
651,7515
1729,3065
63,5497
2124,3257
235,4272
675,5569
1191,3686
1670,4628
590,6420
744,5405
1514,4718
1254,6268
1906,6529
107,3757
2086,3521
1107,3814
2008,4032
1076,5714
1745,4115
648,5317
1723,4951
1869,5927
230,7190
2357,3108
481,3914
1657,5841
1056,5670
1768,6594
1622,4993
72,7258
377,4029
1774,7472
193,6829
2316,2481
934,5299
1149,3021
1463,5229
844,7438
64,3526
301,4362
2164,4980
242,2949
1773,6942
2336,5033
1879,5721
1581,4399
1150,4111
1755,6430
1842,2740
884,7400
1595,3560
1189,3511
619,4310
1575,5537
738,6919
996,5423
1208,5777
64,5656
261,4631
1373,6215
1275,5895
614,4277
1038,4129
1849,6156
1618,6713
1206,3639
680,6956
382,3899
1962,6010
106,3001
238,6958
1002,6625
1224,2518
1240,7284
1251,3719
1931,2781
565,2646
1540,3825
1222,2957
1790,6627
426,3215
1667,6238
581,4927
1426,3685
1823,4752
1305,3590
1191,4651
1317,4176
927,7175
1295,6788
1180,6542
1351,7034
1538,2783
877,4142
465,3986
754,4842
764,3736
2043,3938
1976,7521
82,6565
1344,7390
1609,2426
1513,5882
2362,4231
308,2975
382,3112
1086,6674
1260,3504
479,5918
1399,5860
1173,4670
390,2890
2401,7594
1843,2459
1394,6190
2017,6230
407,3416
1387,3907
1090,6835
1049,7121
841,3519
1540,4768
82,4423
115,7245
479,4871
347,4402
1009,3551
1709,4010
1621,4436
1526,4762
869,4158
944,3327
1285,3433
406,3318
139,3172
1576,4792
780,4095
708,6638
260,4705
920,5954
1974,3213
977,5243
666,6702
432,7383
1915,2453
1835,7299
2243,4692
1958,2931
1260,5799
446,5002
2226,6045
1589,6381
1986,5202
489,2623
382,6390
1102,3092
1258,2552
2299,2478
1014,3006
785,6491
1730,4005
1541,4114
1107,4359
727,6844
421,5304
2064,3156
1254,5180
1954,6568
1101,6147
771,7559
887,2565
1287,6968
141,2544
592,2963
2008,3524
2380,4624
1565,3189
1627,4425
1483,3005
1407,6000
553,5989
585,5696
1093,4098
1280,5971
2283,5620
85,5791
840,4825
120,6466
1009,4027
1968,3334
831,4270
1102,5379
1411,2678
2008,2960
1881,6275
770,6846
1864,4844
2358,6375
295,2847
103,6071
1278,6998
1479,7246
1635,5021
422,5991
890,6022
289,4910
865,2928
495,3832
599,3488
258,6206
229,4605
1464,6541
1250,7116
536,4179
2076,6280
108,4830
1744,5846
2113,4175
1212,7517
2329,7460
79,3704
2165,5376
1283,4030
1200,3713
621,3800
1791,6659
215,6611
1661,5382
2340,2535
2312,6126
1156,5032
1220,4904
1481,3167
2350,5779
4,5823
17,4050
1336,2916
2144,4949
1758,4087
877,6510
2052,3674
1565,2564
800,5760
1061,3394
2000,5586
13,2672
1425,5556
978,3122
1326,6278
1709,5173
518,3854
1536,4707
1710,7583
324,5228
917,6708
886,5166
378,4704
64,2867
533,6635
1082,5849
678,3624
2118,4900
67,3879
1790,5216
649,3067
440,5330
1563,4639
766,4195
1429,7591
277,5572
782,6861
2239,7211
796,4779
1662,6090
2085,5270
827,5707
256,6972
1649,7167
1352,5059
959,3024
1347,6001
2213,7369
1155,5820
1454,7429
1715,5813
752,5538
1985,4956
1110,2625
16,5715
1790,2714
630,5551
1505,2621
1564,7139
1501,6192
2194,5580
697,6499
1309,6456
2333,4618
1107,5417
334,4431
618,3117
1005,4925
1400,4151
294,5685
1462,5594
2177,6184
706,5484
609,3517
344,6743
1846,7514
1391,7496
2217,6435
529,5426
2364,6444
304,5888
1267,6220
64,5056
1081,7474
339,6756
941,7528
1306,2813
368,6212
1285,3924
1513,7603
1268,3319
2406,3678
727,6308
912,2433
900,5436
1635,4122
2371,5101
370,4574
2359,2705
741,7442
1910,4434
1565,4428
532,5571
988,5141
1477,3632
1171,6378
1491,5761
73,2645
947,5322
1388,3441
2340,2762
382,2992
239,4301
1036,4902
2222,6755
1866,3217
72,2728
966,5174
1007,6037
1857,5747
1178,7450
1114,6839
2118,5587
1565,3113
1437,7379
1421,4415
378,5084
2010,2811
339,7612
1110,3178
31,6874
383,7059
1691,5385
2355,5469
570,5122
1635,3071
321,3780
270,5476
2020,7166
779,7223
289,3659
732,4838
892,5162
864,7480
2079,5874
2007,5084
2400,3407
2237,4252
17,3314
2227,7288
1681,3500
1077,2431
2188,2611
1307,3741
1370,7476
2179,4104
1707,5990
732,3751
77,2874
931,7405
1400,5285
2062,5784
1575,7417
15,5510
2366,6106
2323,7473
2399,2603
1766,4586
579,3011
1933,6476
1411,3756
1094,3813
1110,2787
1194,5640
1909,2834
1469,5172
1234,6841
2113,5320
2222,3470
1088,5222
1610,3580
572,3166
1108,2606
99,5883
1437,4824
1475,3749
1455,6699
1475,7124
233,3263
1579,3109
1035,4864
749,6382
528,3267
2389,3452
366,4049
2308,7509
136,6512
2008,3612
1107,7501
1499,2981
1648,6299
804,6328
1185,2558
1275,2581
1518,4465
1075,5727
644,6683
1800,5457
2142,3911
1722,6871
696,6124
1179,4335
1669,5990
1670,7039
709,7202
2304,7373
431,2681
34,3365
1995,6423
1992,2940
2147,7534
1438,6761
1289,3664
997,4123
1828,4851
1285,4785
1443,4381
725,6159
999,3648
255,2974
2236,6626
1635,2437
445,3596
117,6657
591,5898
1522,5615
1717,5452
1836,2741
1790,7348
1297,6285
1829,6217
543,5208
803,5427
1812,6696
821,6931
1522,6666
741,5686
2132,5092
222,6502
1898,6655
1770,4882
1411,5775
1401,3200
1804,5126
798,6855
467,4623
1978,6722
1019,7433
984,6028
2132,6114
1823,3398
92,2670
605,6869
1933,6731
2070,5194
498,4695
1409,6355
1260,6361
812,4791
2118,4215
1400,5116
523,2973
1252,3936
1175,6197
62,5603
318,3652
1305,7320
1204,5445
1163,2601
1391,6425
1537,6120
228,5589
53,5516
741,5388
1107,5044
1803,5913
550,4984
294,2713
963,5629
1495,5878
446,2688
126,2746
2102,3576
1663,5649
275,5289
945,2790
1134,2632
1009,3602
1032,2724
996,3558
167,6915
807,5233
2251,6519
36,2842
1714,2531
712,4034
1615,6645
1065,6909
1779,4000
749,7197
1668,2844
1687,2749
2302,5941
78,5948
1931,4916
1123,4669
1287,6767
635,3740
654,6370
1275,4686
453,3309
856,5007
1662,5593
431,3046
494,3484
1252,4172
1411,3597
1135,3061
1979,3277
1740,6131
1036,4945
1571,7536
2202,4852
727,3793
1930,3750
1270,4292
213,3472
1285,5519
969,6033
558,5958
241,6247
625,4374
1681,3341
1199,4202
375,3605
1034,5031
241,4288
1256,3731
2031,2527
